{
  "D_DIM": 3,
  "R_DIM": 3,
  "attempts": [
    {
      "accepted": true,
      "distinct": true,
      "message": "`gtol` termination condition is satisfied.",
      "nfev": 3,
      "residual_max_abs": 2.7755575615628914e-17,
      "residual_norm": 3.925231146709496e-17,
      "start": 0,
      "status": 1,
      "success": true
    }
  ],
  "elapsed_seconds": 0.25812931200198364,
  "fixed_points": [
    {
      "classification": "saddle",
      "cost": 7.703719777549173e-34,
      "hessian_eigenvalues": [
        0.05843097477810467,
        0.058430974778156924,
        0.05843097477816289,
        0.1694137202443859,
        0.16941372024446041,
        0.16941372024456616,
        0.4613732273972031,
        0.4613732273972536,
        0.4613732273972817,
        0.4613732273972874,
        0.4613732273973001,
        0.4613732273973024,
        0.9652056580210523,
        1.1025000000000318,
        1.1025000000013463,
        1.1025000000015326,
        1.378791075799026,
        1.3787910757990551,
        1.3787910757991035,
        1.647104155634015,
        1.6471041556341457,
        1.6471041556341626,
        1.959999999999926,
        1.9599999999999436,
        1.9599999999999613,
        1.95999999999999,
        1.9599999999999984,
        1.960000000000008,
        1.9600000000000144,
        1.9600000000000226,
        1.9600000000000408,
        2.4442777831477445,
        2.444277783147842,
        2.4442777831478755,
        2.786208924200866,
        2.78620892420087,
        2.786208924200889,
        4.468479284209023,
        4.468479284209116,
        4.46847928420912,
        4.683626772602666,
        4.6836267726026675,
        4.683626772602719,
        4.683626772602722,
        4.683626772602729,
        4.683626772602761,
        5.037294341970492,
        426.4224999999997,
        426.4224999999998,
        426.4225,
        426.4225000000001,
        426.42250000000024,
        426.42250000000035,
        446.07237182067894,
        446.0723718206791,
        446.07237182067934,
        486.2024999999995,
        486.2024999999997,
        486.20249999999976,
        486.2024999999999,
        486.2025,
        486.20250000000004,
        505.90729386624486,
        505.90729386624497,
        505.90729386624514
      ],
      "hessian_zero_modes": 0,
      "index": 0,
      "jacobian_eigenvalues": [
        {
          "imag": 0.0,
          "real": 20.659262555562538
        },
        {
          "imag": 0.0,
          "real": 20.650000000000006
        },
        {
          "imag": 0.0,
          "real": -22.05927039205872
        },
        {
          "imag": 0.0,
          "real": -22.049999999999997
        },
        {
          "imag": 0.0,
          "real": 20.65000000000001
        },
        {
          "imag": 0.0,
          "real": 20.65926255556252
        },
        {
          "imag": 0.0,
          "real": -22.059270392058753
        },
        {
          "imag": 0.2903064585625702,
          "real": -0.20210907048904053
        },
        {
          "imag": -0.2903064585625702,
          "real": -0.20210907048904053
        },
        {
          "imag": 0.0,
          "real": 20.650000000000013
        },
        {
          "imag": 0.0,
          "real": 20.659262555562556
        },
        {
          "imag": 0.0,
          "real": 20.65000000000003
        },
        {
          "imag": 0.29030645856256826,
          "real": -0.20210907048904
        },
        {
          "imag": -0.29030645856256826,
          "real": -0.20210907048904
        },
        {
          "imag": 0.0,
          "real": -22.059270392058735
        },
        {
          "imag": 0.0,
          "real": 20.649999999999984
        },
        {
          "imag": 0.0,
          "real": 20.650000000000006
        },
        {
          "imag": 0.29030645856256826,
          "real": -0.20210907048903975
        },
        {
          "imag": -0.29030645856256826,
          "real": -0.20210907048903975
        },
        {
          "imag": 0.0,
          "real": -1.0500000000000063
        },
        {
          "imag": 0.0,
          "real": -1.195774022525738
        },
        {
          "imag": 0.0,
          "real": -1.1957740225257425
        },
        {
          "imag": 0.0,
          "real": -22.050000000000047
        },
        {
          "imag": 0.0,
          "real": -22.050000000000043
        },
        {
          "imag": 0.0,
          "real": -22.05000000000003
        },
        {
          "imag": 0.0,
          "real": -22.05000000000001
        },
        {
          "imag": 0.0,
          "real": -22.04999999999999
        },
        {
          "imag": 0.0,
          "real": -1.1957740225257316
        },
        {
          "imag": 0.0,
          "real": -0.7000000000000012
        },
        {
          "imag": 0.0,
          "real": -2.0999999999999983
        },
        {
          "imag": 0.0,
          "real": -0.7000000000000006
        },
        {
          "imag": 0.0,
          "real": -0.7000000000000006
        },
        {
          "imag": 6.661338147750939e-16,
          "real": -2.1000000000000005
        },
        {
          "imag": -6.661338147750939e-16,
          "real": -2.1000000000000005
        },
        {
          "imag": 0.0,
          "real": -1.4000000000000006
        },
        {
          "imag": 0.0,
          "real": -2.1000000000000023
        },
        {
          "imag": 0.0,
          "real": -2.099999999999998
        },
        {
          "imag": 0.0,
          "real": -0.7
        },
        {
          "imag": 0.0,
          "real": -0.7000000000000007
        },
        {
          "imag": 0.0,
          "real": -0.7000000000000007
        },
        {
          "imag": 0.0,
          "real": -2.0999999999999988
        },
        {
          "imag": 0.0,
          "real": -2.100000000000001
        },
        {
          "imag": 0.0,
          "real": -1.3999999854632281
        },
        {
          "imag": 0.0,
          "real": -1.400000014536773
        },
        {
          "imag": 6.984965979233399e-10,
          "real": -1.3999999951200461
        },
        {
          "imag": -6.984965979233399e-10,
          "real": -1.3999999951200461
        },
        {
          "imag": 6.985007980461242e-10,
          "real": -1.4000000048799683
        },
        {
          "imag": -6.985007980461242e-10,
          "real": -1.4000000048799683
        },
        {
          "imag": 0.0,
          "real": -1.399999999999978
        },
        {
          "imag": 1.5622222714862009e-15,
          "real": -1.4000000000000021
        },
        {
          "imag": -1.5622222714862009e-15,
          "real": -1.4000000000000021
        },
        {
          "imag": 0.0,
          "real": -1.4000000000000004
        },
        {
          "imag": 0.0,
          "real": -2.0999999999999996
        },
        {
          "imag": 0.0,
          "real": -2.0999999999999996
        },
        {
          "imag": 0.0,
          "real": -1.4000000000000012
        },
        {
          "imag": 0.0,
          "real": -1.399999999999999
        },
        {
          "imag": 0.0,
          "real": -1.4000000000000004
        },
        {
          "imag": 0.0,
          "real": -1.3999999999999992
        },
        {
          "imag": 0.0,
          "real": -1.399999999999998
        },
        {
          "imag": 0.0,
          "real": -1.4
        },
        {
          "imag": 0.0,
          "real": -1.4000000000000001
        },
        {
          "imag": 0.0,
          "real": -2.099999999997937
        },
        {
          "imag": 0.0,
          "real": -1.050000000000703
        },
        {
          "imag": 0.0,
          "real": -1.050000000000703
        },
        {
          "imag": 0.0,
          "real": -1.0499999999996623
        }
      ],
      "metrics": {
        "M_tilde": 8.342592579955074e-23,